year,palma
1993,4.64401333919992
2002,4.404650917896163
2015,3.996090145453819
